director_name,actor_1_name,actor_2_name,actor_3_name,Genres,movie_title,comb
Roseanne Liang, Chloë Grace Moretz,Taylor John Smith,Beulah Koale,Horror Action War,shadow in the cloud, Chloë Grace Moretz Taylor John Smith Beulah Koale Roseanne Liang Horror Action War
Ramin Bahrani, Adarsh Gourav,Rajkummar Rao,Priyanka Chopra Jonas,Crime Drama,the white tiger, Adarsh Gourav Rajkummar Rao Priyanka Chopra Jonas Ramin Bahrani Crime Drama
Doug Liman, Anne Hathaway,Chiwetel Ejiofor,Stephen Merchant,Comedy Crime Drama,locked down, Anne Hathaway Chiwetel Ejiofor Stephen Merchant Doug Liman Comedy Crime Drama
Simon Stone, Carey Mulligan,Ralph Fiennes,Lily James,Drama History,the dig, Carey Mulligan Ralph Fiennes Lily James Simon Stone Drama History
Mikael Håfström, Anthony Mackie,Damson Idris,Emily Beecham,Thriller Action Science Fiction,outside the wire, Anthony Mackie Damson Idris Emily Beecham Mikael Håfström Thriller Action Science Fiction
, Liam Neeson,Katheryn Winnick,Juan Pablo Raba,Action Thriller Crime,the marksman,
Nate Parker, Nate Parker,Omari Hardwick,Theo Rossi,Drama,american skin, Nate Parker Omari Hardwick Theo Rossi Nate Parker Drama
Alex McAulay, Jack Dylan Grazer,Fionn Whitehead,Rainn Wilson,Drama Thriller Crime,don't tell a soul, Jack Dylan Grazer Fionn Whitehead Rainn Wilson Alex McAulay Drama Thriller Crime
Gabriela Cowperthwaite, Jason Segel,Dakota Johnson,Casey Affleck,Drama Comedy Romance,our friend, Jason Segel Dakota Johnson Casey Affleck Gabriela Cowperthwaite Drama Comedy Romance
Conor Allyn, Jake Allyn,Frank Grillo,Jorge A. Jiménez,Drama Action History,no man's land, Jake Allyn Frank Grillo Jorge A. Jiménez Conor Allyn Drama Action History
Alex Ranarivelo, Sean Patrick Flanery,Dennis Quaid,Katrina Bowden,Action Drama,born a champion, Sean Patrick Flanery Dennis Quaid Katrina Bowden Alex Ranarivelo Action Drama
Mike P. Nelson, Charlotte Vega,Adain Bradley,Bill Sage,Horror Thriller,wrong turn, Charlotte Vega Adain Bradley Bill Sage Mike P. Nelson Horror Thriller
Glenda Ivin, Naomi Watts,Andrew Lincoln,Jacki Weaver,Drama,penguin bloom, Naomi Watts Andrew Lincoln Jacki Weaver Glenda Ivin Drama
John Lee Hancock, Denzel Washington,Rami Malek,Jared Leto,Thriller Crime Drama,the little things, Denzel Washington Rami Malek Jared Leto John Lee Hancock Thriller Crime Drama
Jude Weng, Kea Peahu,Alex Aiono,Lindsay Watson,Action Adventure Comedy Family,finding 'ohana, Kea Peahu Alex Aiono Lindsay Watson Jude Weng Action Adventure Comedy Family
Chloé Zhao, Frances McDormand,David Strathairn,Linda May,Drama,nomadland, Frances McDormand David Strathairn Linda May Chloé Zhao Drama
Sam Levinson, Zendaya,John David Washington,unknown,Romance Drama,malcolm & marie, Zendaya John David Washington unknown Sam Levinson Romance Drama
Fisher Stevens, Justin Timberlake,Juno Temple,Alisha Wainwright,Drama,palmer, Justin Timberlake Juno Temple Alisha Wainwright Fisher Stevens Drama
Viggo Mortensen, Viggo Mortensen,Lance Henriksen,Terry Chen,Crime Drama Thriller,falling, Viggo Mortensen Lance Henriksen Terry Chen Viggo Mortensen Crime Drama Thriller
Mike Cahill, Owen Wilson,Salma Hayek,unknown,Science Fiction Romance Drama,bliss, Owen Wilson Salma Hayek unknown Mike Cahill Science Fiction Romance Drama
Chad Hartigan, Olivia Cooke,Jack O'Connell,Raúl Castillo,Romance Science Fiction Drama,little fish, Olivia Cooke Jack O'Connell Raúl Castillo Chad Hartigan Romance Science Fiction Drama
Barry Alexander Brown, Lucas Till,Lucy Hale,Cedric the Entertainer,History Drama,son of the south, Lucas Till Lucy Hale Cedric the Entertainer Barry Alexander Brown History Drama
Ben Hozie, Julia Fox,Nikki Belfiglio,Austin Brown,Drama,pvt chat, Julia Fox Nikki Belfiglio Austin Brown Ben Hozie Drama
Sia, Kate Hudson,Leslie Odom Jr.,Maddie Ziegler,Music Drama,music, Kate Hudson Leslie Odom Jr. Maddie Ziegler Sia Music Drama
Shaka King, Daniel Kaluuya,Lakeith Stanfield,Jesse Plemons,Drama History,judas and the black messiah, Daniel Kaluuya Lakeith Stanfield Jesse Plemons Shaka King Drama History
Kevin Macdonald, Jodie Foster,Tahar Rahim,Shailene Woodley,Drama Thriller,the mauritanian, Jodie Foster Tahar Rahim Shailene Woodley Kevin Macdonald Drama Thriller
Tate Taylor, Allison Janney,Mila Kunis,Awkwafina,Comedy Drama Crime Thriller,breaking news in yuba county, Allison Janney Mila Kunis Awkwafina Tate Taylor Comedy Drama Crime Thriller
Josh Greenbaum, Kristen Wiig,Annie Mumolo,Jamie Dornan,Comedy,barb and star go to vista del mar, Kristen Wiig Annie Mumolo Jamie Dornan Josh Greenbaum Comedy
Lee Isaac Chung, Steven Yeun,Han Ye-ri,Alan Kim,Drama,minari, Steven Yeun Han Ye-ri Alan Kim Lee Isaac Chung Drama
Michael Fimognari, Lana Condor,Noah Centineo,Jordan Fisher,Romance Comedy Drama,to all the boys: always and forever, Lana Condor Noah Centineo Jordan Fisher Michael Fimognari Romance Comedy Drama
Mona Fastvold, Katherine Waterston,Vanessa Kirby,Christopher Abbott,Romance Drama Western,the world to come, Katherine Waterston Vanessa Kirby Christopher Abbott Mona Fastvold Romance Drama Western
Azazel Jacobs, Michelle Pfeiffer,Lucas Hedges,Tracy Letts,Comedy Drama,french exit, Michelle Pfeiffer Lucas Hedges Tracy Letts Azazel Jacobs Comedy Drama
Robin Wright, Robin Wright,Demián Bichir,Kim Dickens,Drama,land, Robin Wright Demián Bichir Kim Dickens Robin Wright Drama
Kevin Lewis, Nicolas Cage,Emily Tosta,Ric Reitz,Action Horror Comedy,willy's wonderland, Nicolas Cage Emily Tosta Ric Reitz Kevin Lewis Action Horror Comedy
Ian Samuels, Kathryn Newton,Kyle Allen,Al Madrigal,Fantasy Romance,the map of tiny perfect things, Kathryn Newton Kyle Allen Al Madrigal Ian Samuels Fantasy Romance
Castille Landon, Katherine Heigl,Madison Iseman,Israel Broussard,Thriller Horror Drama,fear of rain, Katherine Heigl Madison Iseman Israel Broussard Castille Landon Thriller Horror Drama
J Blakeson, Rosamund Pike,Peter Dinklage,Eiza González,Comedy Crime Thriller,i care a lot, Rosamund Pike Peter Dinklage Eiza González J Blakeson Comedy Crime Thriller
Lena Khan, Matilda Lawler,Alyson Hannigan,Ben Schwartz,Family Adventure Comedy Fantasy,flora & ulysses, Matilda Lawler Alyson Hannigan Ben Schwartz Lena Khan Family Adventure Comedy Fantasy
Tiller Russell, Jason Clarke,Nick Robinson,Katie Aselton,Crime Thriller Drama,silk road, Jason Clarke Nick Robinson Katie Aselton Tiller Russell Crime Thriller Drama
Tim Story, Chloë Grace Moretz,Michael Peña,Colin Jost,Comedy Family Animation,tom & jerry, Chloë Grace Moretz Michael Peña Colin Jost Tim Story Comedy Family Animation
Lee Daniels, Andra Day,Trevante Rhodes,Garrett Hedlund,Music Drama History,the united states vs. billie holiday, Andra Day Trevante Rhodes Garrett Hedlund Lee Daniels Music Drama History
Anthony and Joe Russo, Tom Holland,Ciara Bravo,Jack Reynor,Crime Drama,cherry, Tom Holland Ciara Bravo Jack Reynor Anthony and Joe Russo Crime Drama
Nicholas Jarecki, Gary Oldman,Armie Hammer,Evangeline Lilly,Thriller Crime Drama,crisis, Gary Oldman Armie Hammer Evangeline Lilly Nicholas Jarecki Thriller Crime Drama
R. J. Cutler, Billie Eilish,Finneas O'Connell,Maggie Baird,Documentary Music,billie eilish: the world's a little blurry, Billie Eilish Finneas O'Connell Maggie Baird R. J. Cutler Documentary Music
Keith Thomas, Dave Davis,Menashe Lustig,Malky Goldman,Horror Thriller Mystery,the vigil, Dave Davis Menashe Lustig Malky Goldman Keith Thomas Horror Thriller Mystery
Amy Poehler, Hadley Robinson,Lauren Tsai,Patrick Schwarzenegger,Comedy Drama Music,moxie, Hadley Robinson Lauren Tsai Patrick Schwarzenegger Amy Poehler Comedy Drama Music
Craig Brewer, Eddie Murphy,Arsenio Hall,Jermaine Fowler,Comedy,coming 2 america, Eddie Murphy Arsenio Hall Jermaine Fowler Craig Brewer Comedy
Tim Hill, Tom Kenny,Awkwafina,Matt Berry,Family Animation Fantasy Adventure Comedy,the spongebob movie: sponge on the run, Tom Kenny Awkwafina Matt Berry Tim Hill Family Animation Fantasy Adventure Comedy
"Don Hall, Carlos López Estrada", Kelly Marie Tran,Awkwafina,Izaac Wang,Family Fantasy Animation Action Adventure,raya and the last dragon," Kelly Marie Tran Awkwafina Izaac Wang Don Hall, Carlos López Estrada Family Fantasy Animation Action Adventure"
Doug Liman, Daisy Ridley,Tom Holland,Mads Mikkelsen,Science Fiction,chaos walking, Daisy Ridley Tom Holland Mads Mikkelsen Doug Liman Science Fiction
Joe Carnahan, Frank Grillo,Mel Gibson,Naomi Watts,Action Science Fiction Thriller,boss level, Frank Grillo Mel Gibson Naomi Watts Joe Carnahan Action Science Fiction Thriller
Eddie Huang, Taylor Takahashi,Taylour Paige,Jorge Lendeborg Jr.,Drama Comedy,boogie, Taylor Takahashi Taylour Paige Jorge Lendeborg Jr. Eddie Huang Drama Comedy
Miguel Arteta, Jennifer Garner,Édgar Ramírez,Jenna Ortega,Comedy Family,yes day, Jennifer Garner Édgar Ramírez Jenna Ortega Miguel Arteta Comedy Family
Steve Basilone, Finn Wittrock,Zoë Chao,Casey Wilson,Romance Comedy,long weekend, Finn Wittrock Zoë Chao Casey Wilson Steve Basilone Romance Comedy
Edward Drake, Bruce Willis,Frank Grillo,Brandon Thomas Lee,Science Fiction,cosmic sin, Bruce Willis Frank Grillo Brandon Thomas Lee Edward Drake Science Fiction
Brian DeCubellis, Victoria Justice,Matthew Daddario,Katherine McNamara,Crime Thriller Comedy Mystery,trust, Victoria Justice Matthew Daddario Katherine McNamara Brian DeCubellis Crime Thriller Comedy Mystery
Zack Snyder, Ben Affleck,Henry Cavill,Amy Adams,Action Adventure Fantasy Science Fiction,zack snyder's justice league, Ben Affleck Henry Cavill Amy Adams Zack Snyder Action Adventure Fantasy Science Fiction
Dominic Cooke, Benedict Cumberbatch,Merab Ninidze,Rachel Brosnahan,Thriller History Drama,the courier, Benedict Cumberbatch Merab Ninidze Rachel Brosnahan Dominic Cooke Thriller History Drama
BenDavid Grabinski, Joel McHale,Kerry Bishé,Stephen Root,Comedy Romance Thriller,happily, Joel McHale Kerry Bishé Stephen Root BenDavid Grabinski Comedy Romance Thriller
Ilya Naishuller, Bob Odenkirk,Connie Nielsen,Aleksei Serebryakov,Action Crime Thriller Drama,nobody, Bob Odenkirk Connie Nielsen Aleksei Serebryakov Ilya Naishuller Action Crime Thriller Drama
Kitao Sakurai, Eric André,Lil Rel Howery,Tiffany Haddish,Comedy,bad trip, Eric André Lil Rel Howery Tiffany Haddish Kitao Sakurai Comedy
Justin P. Lange, Guy Pearce,Vadhir Derbez,Stephen Lang,Horror,the seventh day, Guy Pearce Vadhir Derbez Stephen Lang Justin P. Lange Horror
Giorgio Serafini, William Shatner,Jean Smart,Christopher Lloyd,Comedy Romance,senior moment, William Shatner Jean Smart Christopher Lloyd Giorgio Serafini Comedy Romance
Adam Wingard, Alexander Skarsgård,Millie Bobby Brown,Rebecca Hall,Action Adventure Fantasy,godzilla vs. kong, Alexander Skarsgård Millie Bobby Brown Rebecca Hall Adam Wingard Action Adventure Fantasy
Ricky Staub, Idris Elba,Caleb McLaughlin,Jharrel Jerome,Drama Western,concrete cowboy, Idris Elba Caleb McLaughlin Jharrel Jerome Ricky Staub Drama Western
Evan Spiliotopoulos, Jeffrey Dean Morgan,Katie Aselton,William Sadler,Horror,the unholy, Jeffrey Dean Morgan Katie Aselton William Sadler Evan Spiliotopoulos Horror
Vaughn Stein, Casey Affleck,Sam Claflin,Veronica Ferres,Thriller,every breath you take, Casey Affleck Sam Claflin Veronica Ferres Vaughn Stein Thriller
Emma Seligman, Rachel Sennott,Molly Gordon,Polly Draper,Comedy Drama,shiva baby, Rachel Sennott Molly Gordon Polly Draper Emma Seligman Comedy Drama
Richard Correll, Mira Sorvino,Austyn Johnson,Kevin Sorbo,Family Drama,the girl who believes in miracles, Mira Sorvino Austyn Johnson Kevin Sorbo Richard Correll Family Drama
Shan Serafin, Aidan Bristow,Sophie Kargman,Susan Wilder,Drama,the believer, Aidan Bristow Sophie Kargman Susan Wilder Shan Serafin Drama
Bruce Wemple, Francesca Anderson,Adrián Burke,Chris Cimperman,Horror Thriller,dawn of the beast, Francesca Anderson Adrián Burke Chris Cimperman Bruce Wemple Horror Thriller
Neil Burger, Tye Sheridan,Lily-Rose Depp,Fionn Whitehead,Science Fiction Thriller,voyagers, Tye Sheridan Lily-Rose Depp Fionn Whitehead Neil Burger Science Fiction Thriller
Ben Falcone, Melissa McCarthy,Octavia Spencer,Bobby Cannavale,Action Adventure Comedy,thunder force, Melissa McCarthy Octavia Spencer Bobby Cannavale Ben Falcone Action Adventure Comedy
Ryan Crego, Michael J. Woodard,Mary Lambert,Haley Tju,Animation Comedy Family,arlo the alligator boy, Michael J. Woodard Mary Lambert Haley Tju Ryan Crego Animation Comedy Family
Argyris Papadimitropoulos, Sebastian Stan,Denise Gough,Yorgos Pirpassopoulos,Science Fiction Thriller Drama Mystery,monday, Sebastian Stan Denise Gough Yorgos Pirpassopoulos Argyris Papadimitropoulos Science Fiction Thriller Drama Mystery
Ben Wheatley, Joel Fry,Reece Shearsmith,Hayley Squires,Horror Science Fiction Thriller,in the earth, Joel Fry Reece Shearsmith Hayley Squires Ben Wheatley Horror Science Fiction Thriller
Joe Penna, Anna Kendrick,Daniel Dae Kim,Shamier Anderson,Science Fiction Drama Thriller,stowaway, Anna Kendrick Daniel Dae Kim Shamier Anderson Joe Penna Science Fiction Drama Thriller
Simon McQuoid, Lewis Tan,Jessica McNamee,Josh Lawson,Action Fantasy Adventure,mortal kombat, Lewis Tan Jessica McNamee Josh Lawson Simon McQuoid Action Fantasy Adventure
Mike Rianda, Abbi Jacobson,Danny McBride,Maya Rudolph,Animation Adventure Comedy Family Science Fiction Action,the mitchells vs. the machines, Abbi Jacobson Danny McBride Maya Rudolph Mike Rianda Animation Adventure Comedy Family Science Fiction Action
George Gallo, Ruby Rose,Morgan Freeman,unknown,Action Crime Thriller,vanquish, Ruby Rose Morgan Freeman unknown George Gallo Action Crime Thriller
Nikole Beckwith, Ed Helms,Patti Harrison,Tig Notaro,Comedy Drama,together together, Ed Helms Patti Harrison Tig Notaro Nikole Beckwith Comedy Drama
Jeff Rosenberg, William Jackson Harper,Aya Cash,unknown,Comedy,we broke up, William Jackson Harper Aya Cash unknown Jeff Rosenberg Comedy
Chad Ferrin, Gina La Piana,Robert Miano,Johann Urb,Horror Science Fiction,the deep ones, Gina La Piana Robert Miano Johann Urb Chad Ferrin Horror Science Fiction
Shari Springer Berman and Robert Pulcini, Amanda Seyfried,James Norton,Natalia Dyer,Horror Mystery Drama Thriller,things heard & seen, Amanda Seyfried James Norton Natalia Dyer Shari Springer Berman and Robert Pulcini Horror Mystery Drama Thriller
Stefano Sollima, Michael B. Jordan,Jamie Bell,Jodie Turner-Smith,Action Thriller War,without remorse, Michael B. Jordan Jamie Bell Jodie Turner-Smith Stefano Sollima Action Thriller War
Nick Stagliano, James C. Wolf (screeplay); Anson Mount,Abbie Cornish,Eddie Marsan,Thriller Action Crime,the virtuoso, James C. Wolf (screeplay); Anson Mount Abbie Cornish Eddie Marsan Nick Stagliano Thriller Action Crime
Rodrigo García, Glenn Close,Mila Kunis,Stephen Root,Drama,four good days, Glenn Close Mila Kunis Stephen Root Rodrigo García Drama
William Brent Bell, Rupert Friend,Mamie Gummer,Violet McGraw,Horror,separation, Rupert Friend Mamie Gummer Violet McGraw William Brent Bell Horror
Taylor Chien, Brock O'Hurn,Avery Pascual,Michael Vlamis,Horror,the resort, Brock O'Hurn Avery Pascual Michael Vlamis Taylor Chien Horror
Guy Ritchie, Jason Statham,Holt McCallany,Jeffrey Donovan,Action Crime Thriller,wrath of man, Jason Statham Holt McCallany Jeffrey Donovan Guy Ritchie Action Crime Thriller
Anthony Mandler, Kelvin Harrison Jr.,Jennifer Ehle,Tim Blake Nelson,Action Fantasy Adventure,monster, Kelvin Harrison Jr. Jennifer Ehle Tim Blake Nelson Anthony Mandler Action Fantasy Adventure
Gia Coppola, Andrew Garfield,Maya Hawke,Nat Wolff,Comedy Drama,mainstream, Andrew Garfield Maya Hawke Nat Wolff Gia Coppola Comedy Drama
David Oyelowo, David Oyelowo,Rosario Dawson,Lonnie Chavis,Adventure,the water man, David Oyelowo Rosario Dawson Lonnie Chavis David Oyelowo Adventure
Billy Crystal, Billy Crystal,Tiffany Haddish,Penn Badgley,Comedy Drama,here today, Billy Crystal Tiffany Haddish Penn Badgley Billy Crystal Comedy Drama
Phillip Noyce, Jack Huston,Emilia Clarke,Thora Birch,Thriller Crime,above suspicion, Jack Huston Emilia Clarke Thora Birch Phillip Noyce Thriller Crime
Ivo Raza, David Koechner,Ed Begley Jr.,Chaz Bono,Comedy,reboot camp, David Koechner Ed Begley Jr. Chaz Bono Ivo Raza Comedy
Karl Holt, Karl Holt,Claire Cartwright,David Wayman,Horror Comedy,benny loves you, Karl Holt Claire Cartwright David Wayman Karl Holt Horror Comedy
Alexandre Aja, Mélanie Laurent,Mathieu Amalric,Malik Zidi,Crime Drama Mystery Thriller,oxygen, Mélanie Laurent Mathieu Amalric Malik Zidi Alexandre Aja Crime Drama Mystery Thriller
Zack Snyder, Dave Bautista,Ella Purnell,Omari Hardwick,Action Adventure Horror Crime,army of the dead, Dave Bautista Ella Purnell Omari Hardwick Zack Snyder Action Adventure Horror Crime
Taylor Sheridan, Angelina Jolie,Nicholas Hoult,Finn Little,Thriller,those who wish me dead, Angelina Jolie Nicholas Hoult Finn Little Taylor Sheridan Thriller
Joe Wright, Amy Adams,Gary Oldman,Anthony Mackie,Drama Thriller Crime Mystery,the woman in the window, Amy Adams Gary Oldman Anthony Mackie Joe Wright Drama Thriller Crime Mystery
Darren Lynn Bousman, Chris Rock,Max Minghella,Marisol Nichols,Horror Crime Mystery,spiral, Chris Rock Max Minghella Marisol Nichols Darren Lynn Bousman Horror Crime Mystery
Christoph Waltz, Christoph Waltz,Vanessa Redgrave,Annette Bening,Crime Drama,georgetown, Christoph Waltz Vanessa Redgrave Annette Bening Christoph Waltz Crime Drama
Brian Baugh, Rose Reid,Jedidiah Goodacre,Katherine McNamara,Romance Drama,finding you, Rose Reid Jedidiah Goodacre Katherine McNamara Brian Baugh Romance Drama
Robert Machoian, Clayne Crawford,Sepideh Moafi,Chris Coy,Drama,the killing of two lovers, Clayne Crawford Sepideh Moafi Chris Coy Robert Machoian Drama
"Mark S. Allen, Dante Yore", John Littlefield,Eric Roberts,Alyson Gorske,Horror Action,616 wilford lane," John Littlefield Eric Roberts Alyson Gorske Mark S. Allen, Dante Yore Horror Action"
Euros Lyn, Toni Collette,Damian Lewis,Owen Teale,Comedy Drama,dream horse, Toni Collette Damian Lewis Owen Teale Euros Lyn Comedy Drama
Esteban Arango, Moisés Arias,Mateo Arias,Daniel Dae Kim,Drama,blast beat, Moisés Arias Mateo Arias Daniel Dae Kim Esteban Arango Drama
John Krasinski, Emily Blunt,Cillian Murphy,Millicent Simmonds,Science Fiction Thriller Horror,a quiet place part ii, Emily Blunt Cillian Murphy Millicent Simmonds John Krasinski Science Fiction Thriller Horror
Craig Gillespie, Emma Stone,Emma Thompson,Joel Fry,Comedy Crime,cruella, Emma Stone Emma Thompson Joel Fry Craig Gillespie Comedy Crime
Natalie Morales, Kuhoo Verma,Victoria Moroles,unknown,Comedy Drama Romance,plan b, Kuhoo Verma Victoria Moroles unknown Natalie Morales Comedy Drama Romance
Michael Barnett, Mack Beggs,Sarah Rose Huckman,Terry Miller,Documentary,changing the game, Mack Beggs Sarah Rose Huckman Terry Miller Michael Barnett Documentary
"Elaine Bogan, Ennio Torresan", Isabela Merced,Marsai Martin,Mckenna Grace,Animation Adventure Family Western,spirit untamed," Isabela Merced Marsai Martin Mckenna Grace Elaine Bogan, Ennio Torresan Animation Adventure Family Western"
Michael Chaves, Patrick Wilson,Vera Farmiga,Ruairi O'Connor,Horror Mystery Thriller,the conjuring: the devil made me do it, Patrick Wilson Vera Farmiga Ruairi O'Connor Michael Chaves Horror Mystery Thriller
Nabil Elderkin, Jacob Latimore,Charlie Plummer,Jonathan Majors,Drama Crime,gully, Jacob Latimore Charlie Plummer Jonathan Majors Nabil Elderkin Drama Crime
Christopher MacBride, Dylan O'Brien,Maika Monroe,Hannah Gross,Thriller Drama Mystery,flashback, Dylan O'Brien Maika Monroe Hannah Gross Christopher MacBride Thriller Drama Mystery
Todd Randall, Milo Gibson,Laurence Fishburne,Glenn Morshower,Drama,under the stadium lights, Milo Gibson Laurence Fishburne Glenn Morshower Todd Randall Drama
Sebastian Siegel, Mena Suvari,Stuart Townsend,Frances Fisher,Drama Comedy Romance,grace and grit, Mena Suvari Stuart Townsend Frances Fisher Sebastian Siegel Drama Comedy Romance
Mark Raso, Gina Rodriguez,Jennifer Jason Leigh,Barry Pepper,Drama Science Fiction Thriller,awake, Gina Rodriguez Jennifer Jason Leigh Barry Pepper Mark Raso Drama Science Fiction Thriller
Jon M. Chu, Anthony Ramos,Corey Hawkins,Leslie Grace,Drama Music Romance,in the heights, Anthony Ramos Corey Hawkins Leslie Grace Jon M. Chu Drama Music Romance
Antoine Fuqua, Mark Wahlberg,Chiwetel Ejiofor,Sophie Cookson,Science Fiction Action Thriller,infinite, Mark Wahlberg Chiwetel Ejiofor Sophie Cookson Antoine Fuqua Science Fiction Action Thriller
Will Gluck, James Corden,Rose Byrne,Domhnall Gleeson,Family Comedy Adventure Animation Fantasy,peter rabbit 2: the runaway, James Corden Rose Byrne Domhnall Gleeson Will Gluck Family Comedy Adventure Animation Fantasy
Chris Appelhans, Jimmy Wong,John Cho,Constance Wu,Animation Family Comedy Fantasy,wish dragon, Jimmy Wong John Cho Constance Wu Chris Appelhans Animation Family Comedy Fantasy
Renny Harlin, Pierce Brosnan,Rami Jaber,Hermione Corfield,Action Comedy Crime,the misfits, Pierce Brosnan Rami Jaber Hermione Corfield Renny Harlin Action Comedy Crime
Ty Roberts, Luke Wilson,Vinessa Shaw,Wayne Knight,History Drama,12 mighty orphans, Luke Wilson Vinessa Shaw Wayne Knight Ty Roberts History Drama
Deon Taylor, Mike Epps,Katt Williams,Bresha Webb,Comedy Horror,the house next door: meet the blacks 2, Mike Epps Katt Williams Bresha Webb Deon Taylor Comedy Horror
Michael Lembeck, Ellen Burstyn,James Caan,Ann-Margret,Romance Comedy,queen bees, Ellen Burstyn James Caan Ann-Margret Michael Lembeck Romance Comedy
"Baron Davis, Carl Reid, Steven V. Vasquez Jr.", David Arquette,Snoop Dogg,Tom Lister Jr.,Comedy,domino: battle of the bones," David Arquette Snoop Dogg Tom Lister Jr. Baron Davis, Carl Reid, Steven V. Vasquez Jr. Comedy"
Patrick Hughes, Ryan Reynolds,Samuel L. Jackson,Salma Hayek,Action Comedy Thriller,hitman's wife's bodyguard, Ryan Reynolds Samuel L. Jackson Salma Hayek Patrick Hughes Action Comedy Thriller
Enrico Casarosa, Jacob Tremblay,Jack Dylan Grazer,Emma Berman,Animation Comedy Family Fantasy,luca, Jacob Tremblay Jack Dylan Grazer Emma Berman Enrico Casarosa Animation Comedy Family Fantasy
Paul Weitz, Kevin Hart,Alfre Woodard,Lil Rel Howery,Drama Family Comedy,fatherhood, Kevin Hart Alfre Woodard Lil Rel Howery Paul Weitz Drama Family Comedy
Jimmy Giannopoulos, Shiloh Fernandez,Val Kilmer,Ewan McGregor,Crime Thriller,the birthday cake, Shiloh Fernandez Val Kilmer Ewan McGregor Jimmy Giannopoulos Crime Thriller
Mariem Pérez Riera, Rita Moreno,Eva Longoria,George Chakiris,Documentary,rita moreno: just a girl who decided to go for it, Rita Moreno Eva Longoria George Chakiris Mariem Pérez Riera Documentary
Edgar Wright, Ron Mael,Russell Mael,unknown,Documentary Music,the sparks brothers, Ron Mael Russell Mael unknown Edgar Wright Documentary Music
Lisa Immordino Vreeland, Jim Parsons,Zachary Quinto,unknown,Documentary,truman & tennessee: an intimate conversation, Jim Parsons Zachary Quinto unknown Lisa Immordino Vreeland Documentary
Tyler Savage, Christine Ko,Vincent van Horn,Michael Joplin,Thriller,stalker, Christine Ko Vincent van Horn Michael Joplin Tyler Savage Thriller
Jamie Adams, Alia Shawkat,Eiza González,Chanel Cresswell,Comedy Drama,love spreads, Alia Shawkat Eiza González Chanel Cresswell Jamie Adams Comedy Drama
Nancy Buirski, Gary Duncan,Richard Sobol,unknown,Documentary,a crime on the bayou, Gary Duncan Richard Sobol unknown Nancy Buirski Documentary
Kimmy Gatewood, Iliza Shlesinger,Ryan Hansen,Margaret Cho,Comedy Drama Mystery Romance Thriller,good on paper, Iliza Shlesinger Ryan Hansen Margaret Cho Kimmy Gatewood Comedy Drama Mystery Romance Thriller
Justin Lin, Vin Diesel,John Cena,Michelle Rodriguez,Action Crime Thriller,f9, Vin Diesel John Cena Michelle Rodriguez Justin Lin Action Crime Thriller
Jonathan Hensleigh, Liam Neeson,Benjamin Walker,Amber Midthunder,Action Adventure Drama Thriller,the ice road, Liam Neeson Benjamin Walker Amber Midthunder Jonathan Hensleigh Action Adventure Drama Thriller
Josh Ruben, Sam Richardson,Milana Vayntrub,George Basil,Comedy Horror,werewolves within, Sam Richardson Milana Vayntrub George Basil Josh Ruben Comedy Horror
John Lee, Ilana Glazer,Justin Theroux,Sophia Bush,Horror Mystery Thriller,false positive, Ilana Glazer Justin Theroux Sophia Bush John Lee Horror Mystery Thriller
Eytan Rockaway, Harvey Keitel,Sam Worthington,AnnaSophia Robb,Crime Drama Thriller,lansky, Harvey Keitel Sam Worthington AnnaSophia Robb Eytan Rockaway Crime Drama Thriller
Heidi Ewing, Armando Espitia,Christian Vázquez,Michelle Rodríguez,Drama Romance,i carry you with me, Armando Espitia Christian Vázquez Michelle Rodríguez Heidi Ewing Drama Romance
Vanessa Roth, Mary J. Blige,Taraji P. Henson,Alicia Keys,Documentary Music,mary j. blige's my life, Mary J. Blige Taraji P. Henson Alicia Keys Vanessa Roth Documentary Music
Drew Xanthopoulos, Michelle Fournet,Ellen Garland,unknown,Documentary,fathom, Michelle Fournet Ellen Garland unknown Drew Xanthopoulos Documentary
Isaiah Smallman,Isaiah Smallman (director); Johnny Ray Gill,Kate Cobb,Vicky Jeudy,Crime Drama,rollers,Isaiah Smallman (director); Johnny Ray Gill Kate Cobb Vicky Jeudy Isaiah Smallman Crime Drama
Matt Thompson, Channing Tatum,Jason Mantzoukas,Olivia Munn,Action Comedy History Animation Fantasy,america: the motion picture, Channing Tatum Jason Mantzoukas Olivia Munn Matt Thompson Action Comedy History Animation Fantasy
Janicza Bravo, Taylour Paige,Riley Keough,Nicholas Braun,Drama Comedy Crime,zola, Taylour Paige Riley Keough Nicholas Braun Janicza Bravo Drama Comedy Crime
Steven Soderbergh, Don Cheadle,Benicio del Toro,David Harbour,Crime Drama Thriller Mystery,no sudden move, Don Cheadle Benicio del Toro David Harbour Steven Soderbergh Crime Drama Thriller Mystery
Chris McKay, Chris Pratt,Yvonne Strahovski,J. K. Simmons,Action Science Fiction Adventure,the tomorrow war, Chris Pratt Yvonne Strahovski J. K. Simmons Chris McKay Action Science Fiction Adventure
Tom McGrath, Alec Baldwin,James Marsden,Amy Sedaris,Animation Comedy Adventure Family,the boss baby: family business, Alec Baldwin James Marsden Amy Sedaris Tom McGrath Animation Comedy Adventure Family
Everardo Gout, Ana de la Reguera,Tenoch Huerta,Josh Lucas,Horror Action Thriller,the forever purge, Ana de la Reguera Tenoch Huerta Josh Lucas Everardo Gout Horror Action Thriller
Leigh Janiak, Kiana Madeira,Olivia Scott Welch,Benjamin Flores Jr.,Horror Mystery,fear street part one: 1994, Kiana Madeira Olivia Scott Welch Benjamin Flores Jr. Leigh Janiak Horror Mystery
Questlove,Questlove (director); Stevie Wonder,Nina Simone,Sly and the Family Stone,Documentary Music,summer of soul,Questlove (director); Stevie Wonder Nina Simone Sly and the Family Stone Questlove Documentary Music
S.K. Dale, Megan Fox,Eoin Macken,Callan Mulvey,Horror Thriller,till death, Megan Fox Eoin Macken Callan Mulvey S.K. Dale Horror Thriller
Craig Moss, Mackenzie Moss,Sadie Stanley,Mackenzie Ziegler,Science Fiction Thriller,let us in, Mackenzie Moss Sadie Stanley Mackenzie Ziegler Craig Moss Science Fiction Thriller
Cate Shortland, Scarlett Johansson,Florence Pugh,David Harbour,Action Adventure Science Fiction,black widow, Scarlett Johansson Florence Pugh David Harbour Cate Shortland Action Adventure Science Fiction
Leigh Janiak, Sadie Sink,Emily Rudd,Ryan Simpkins,Horror Mystery,fear street part two: 1978, Sadie Sink Emily Rudd Ryan Simpkins Leigh Janiak Horror Mystery
Carlos López Estrada, Tyris Winter,Marquesha Babers,Maia Mayor,Drama Romance,summertime, Tyris Winter Marquesha Babers Maia Mayor Carlos López Estrada Drama Romance
Navot Papushado, Karen Gillan,Lena Headey,Carla Gugino,Action Thriller Crime,gunpowder milkshake, Karen Gillan Lena Headey Carla Gugino Navot Papushado Action Thriller Crime
Malcolm D. Lee, LeBron James,Don Cheadle,Khris Davis,Animation Comedy Family Science Fiction,space jam: a new legacy, LeBron James Don Cheadle Khris Davis Malcolm D. Lee Animation Comedy Family Science Fiction
Adam Robitel, Taylor Russell,Logan Miller,Indya Moore,Horror Thriller Mystery,escape room: tournament of champions, Taylor Russell Logan Miller Indya Moore Adam Robitel Horror Thriller Mystery
Leigh Janiak, Kiana Madeira,Ashley Zukerman,Gillian Jacobs,Mystery Horror,fear street part three: 1666, Kiana Madeira Ashley Zukerman Gillian Jacobs Leigh Janiak Mystery Horror
Colin Schiffli, Alexandra Daddario,Diego Boneta,Justin Chatwin,Action Drama Romance Comedy Crime,die in a gunfight, Alexandra Daddario Diego Boneta Justin Chatwin Colin Schiffli Action Drama Romance Comedy Crime
Michael Sarnoski, Nicolas Cage,Alex Wolff,Adam Arkin,Drama Thriller,pig, Nicolas Cage Alex Wolff Adam Arkin Michael Sarnoski Drama Thriller
Mike Burns, Bruce Willis,Jaime King,Lala Kent,Crime Adventure Thriller,out of death, Bruce Willis Jaime King Lala Kent Mike Burns Crime Adventure Thriller
Morgan Neville, Anthony Bourdain,unknown,unknown,Documentary,roadrunner: a film about anthony bourdain, Anthony Bourdain unknown unknown Morgan Neville Documentary
"Daryl Wein, Zoe Lister-Jones", Zoe Lister-Jones,Cailee Spaeny,Olivia Wilde,Science Fiction Thriller Mystery Action Adventure,how it ends," Zoe Lister-Jones Cailee Spaeny Olivia Wilde Daryl Wein, Zoe Lister-Jones Science Fiction Thriller Mystery Action Adventure"
"Johane Matte, Andrew L. Schmidt, Franciso Ruiz Velasco", Emile Hirsch,Lexi Medrano,Charlie Saxton,Animation Fantasy Family Action Adventure Science Fiction,trollhunters: rise of the titans," Emile Hirsch Lexi Medrano Charlie Saxton Johane Matte, Andrew L. Schmidt, Franciso Ruiz Velasco Animation Fantasy Family Action Adventure Science Fiction"
Robert Schwentke, Henry Golding,Andrew Koji,Úrsula Corberó,Action Adventure,snake eyes, Henry Golding Andrew Koji Úrsula Corberó Robert Schwentke Action Adventure
M. Night Shyamalan, Gael García Bernal,Vicky Krieps,Rufus Sewell,Mystery Thriller Horror,old, Gael García Bernal Vicky Krieps Rufus Sewell M. Night Shyamalan Mystery Thriller Horror
Reinaldo Marcus Green, Mark Wahlberg,Reid Miller,Connie Britton,Drama Adventure,joe bell, Mark Wahlberg Reid Miller Connie Britton Reinaldo Marcus Green Drama Adventure
Tanya Wexler,Tanya Wexler (director); Scott Wascha (screenwriter); Kate Beckinsale,Bobby Cannavale,Laverne Cox,Action Comedy,jolt,Tanya Wexler (director); Scott Wascha (screenwriter); Kate Beckinsale Bobby Cannavale Laverne Cox Tanya Wexler Action Comedy
Randall Emmett, Megan Fox,Bruce Willis,Emile Hirsch,Crime Mystery Thriller Action,midnight in the switchgrass, Megan Fox Bruce Willis Emile Hirsch Randall Emmett Crime Mystery Thriller Action
Peter Sattler, Ben Platt,Lola Kirke,Yvette Nicole Brown,Drama,broken diamonds, Ben Platt Lola Kirke Yvette Nicole Brown Peter Sattler Drama
"Leo Scott, Ting Poo",Leo Scott,Ting Poo (directors); Val Kilmer,unknown,Documentary,val,"Leo Scott Ting Poo (directors); Val Kilmer unknown Leo Scott, Ting Poo Documentary"
Jamila Wignot,Jamila Wignot (director),unknown,unknown,Documentary,ailey,Jamila Wignot (director) unknown unknown Jamila Wignot Documentary
Jaume Collet-Serra, Dwayne Johnson,Emily Blunt,Édgar Ramírez,Adventure Fantasy Comedy Action,jungle cruise, Dwayne Johnson Emily Blunt Édgar Ramírez Jaume Collet-Serra Adventure Fantasy Comedy Action
Kirk DeMicco, Lin-Manuel Miranda,Ynairaly Simo,Zoe Saldana,Animation Family Comedy,vivo, Lin-Manuel Miranda Ynairaly Simo Zoe Saldana Kirk DeMicco Animation Family Comedy
Tom McCarthy, Matt Damon,Camille Cottin,Abigail Breslin,Drama Crime Thriller,stillwater, Matt Damon Camille Cottin Abigail Breslin Tom McCarthy Drama Crime Thriller
David Lowery, Dev Patel,Alicia Vikander,Joel Edgerton,Adventure Drama Fantasy,the green knight, Dev Patel Alicia Vikander Joel Edgerton David Lowery Adventure Drama Fantasy
Edson Oda, Winston Duke,Zazie Beetz,Benedict Wong,Drama Fantasy,nine days, Winston Duke Zazie Beetz Benedict Wong Edson Oda Drama Fantasy
Trent O'Donnell, Jake Johnson,D'Arcy Carden,J.K. Simmons,Comedy Drama,ride the eagle, Jake Johnson D'Arcy Carden J.K. Simmons Trent O'Donnell Comedy Drama
Braden King, Philip Ettinger,Stacy Martin,Cosmo Jarvis,Drama,the evening hour, Philip Ettinger Stacy Martin Cosmo Jarvis Braden King Drama
Sabrina Doyle, Pablo Schreiber,Jena Malone,unknown,Drama,lorelei, Pablo Schreiber Jena Malone unknown Sabrina Doyle Drama
Sonia Kennebeck,Sonia Kennebeck (director),unknown,unknown,Documentary,enemies of the state,Sonia Kennebeck (director) unknown unknown Sonia Kennebeck Documentary
James Gunn, Idris Elba,Margot Robbie,John Cena,Action Adventure Fantasy,the suicide squad, Idris Elba Margot Robbie John Cena James Gunn Action Adventure Fantasy
Chase Palmer, John Boyega,Olivia Cooke,Bill Skarsgård,Crime Drama,naked singularity, John Boyega Olivia Cooke Bill Skarsgård Chase Palmer Crime Drama
Pascual Sisto, Charlie Shotwell,Michael C. Hall,Jennifer Ehle,Drama Thriller,john and the hole, Charlie Shotwell Michael C. Hall Jennifer Ehle Pascual Sisto Drama Thriller
Scott Brignac, Hannah Kasulka,Luke Benward,Jude Demorest,Drama Action Thriller Crime,playing god, Hannah Kasulka Luke Benward Jude Demorest Scott Brignac Drama Action Thriller Crime
Todd Stephens, Udo Kier,Jennifer Coolidge,Linda Evans,Drama Science Fiction,swan song, Udo Kier Jennifer Coolidge Linda Evans Todd Stephens Drama Science Fiction
Nick Cannon, Nick Cannon,Chris Brown,Jaliyuh Manuel,Drama,she ball, Nick Cannon Chris Brown Jaliyuh Manuel Nick Cannon Drama
Vince Marcello, Joey King,Joel Courtney,Jacob Elordi,Romance Comedy,the kissing booth 3, Joey King Joel Courtney Jacob Elordi Vince Marcello Romance Comedy
Peter Nicks,Peter Nicks (director),unknown,unknown,Documentary,homeroom,Peter Nicks (director) unknown unknown Peter Nicks Documentary
Shawn Levy, Ryan Reynolds,Jodie Comer,Lil Rel Howery,Comedy Action Adventure Science Fiction,free guy, Ryan Reynolds Jodie Comer Lil Rel Howery Shawn Levy Comedy Action Adventure Science Fiction
Liesl Tommy, Jennifer Hudson,Forest Whitaker,Marlon Wayans,Music Drama History,respect, Jennifer Hudson Forest Whitaker Marlon Wayans Liesl Tommy Music Drama History
Ferdinando Cito Filomarino, John David Washington,Boyd Holbrook,Vicky Krieps,Action Crime Drama Mystery,beckett, John David Washington Boyd Holbrook Vicky Krieps Ferdinando Cito Filomarino Action Crime Drama Mystery
Rodo Sayagues, Stephen Lang,Brendan Sexton III,Madelyn Grace,Thriller Horror,don't breathe 2, Stephen Lang Brendan Sexton III Madelyn Grace Rodo Sayagues Thriller Horror
Sian Heder, Emilia Jones,Eugenio Derbez,Troy Kotsur,Drama Music Romance,coda, Emilia Jones Eugenio Derbez Troy Kotsur Sian Heder Drama Music Romance
Nicholas Bruckman, Amanda Roddy (screenplay),unknown,unknown,Documentary,not going quietly, Amanda Roddy (screenplay) unknown unknown Nicholas Bruckman Documentary
Cal Brunker, Iain Armitage,Marsai Martin,Ron Pardo,Animation Family Adventure Comedy,paw patrol: the movie, Iain Armitage Marsai Martin Ron Pardo Cal Brunker Animation Family Adventure Comedy
Lisa Joy, Hugh Jackman,Rebecca Ferguson,Thandiwe Newton,Science Fiction Thriller Mystery Romance,reminiscence, Hugh Jackman Rebecca Ferguson Thandiwe Newton Lisa Joy Science Fiction Thriller Mystery Romance
Martin Campbell, Michael Keaton,Maggie Q,Samuel L. Jackson,Action Crime Thriller,the protégé, Michael Keaton Maggie Q Samuel L. Jackson Martin Campbell Action Crime Thriller
Brian Andrew Mendoza, Jason Momoa,Isabela Merced,Manuel Garcia-Rulfo,Action,sweet girl, Jason Momoa Isabela Merced Manuel Garcia-Rulfo Brian Andrew Mendoza Action
Dave Needham,Dave Needham (director); Asher Bishop,David Tennant,Michelle Gomez,Animation Family Comedy Music Fantasy,the loud house movie,Dave Needham (director); Asher Bishop David Tennant Michelle Gomez Dave Needham Animation Family Comedy Music Fantasy
David Bruckner, Rebecca Hall,Sarah Goldberg,Evan Jonigkeit,Horror Thriller Mystery,the night house, Rebecca Hall Sarah Goldberg Evan Jonigkeit David Bruckner Horror Thriller Mystery
Sean Penn, Dylan Penn,Sean Penn,Katheryn Winnick,Drama Thriller,flag day, Dylan Penn Sean Penn Katheryn Winnick Sean Penn Drama Thriller
Dash Shaw, Lake Bell,Michael Cera,Angeliki Papoulia,Animation Fantasy,cryptozoo, Lake Bell Michael Cera Angeliki Papoulia Dash Shaw Animation Fantasy
Janell Shirtcliff, Josie Ho,Bella Thorne,Gavin Rossdale,Crime Comedy Thriller,habit, Josie Ho Bella Thorne Gavin Rossdale Janell Shirtcliff Crime Comedy Thriller
Neill Blomkamp, Carly Pope,Chris William Martin,Michael Rogers,Horror Thriller,demonic, Carly Pope Chris William Martin Michael Rogers Neill Blomkamp Horror Thriller
Eddie Arya, Caroline McQuade,Kenneth Trujillo,Wassim Hawat,Drama History,risen, Caroline McQuade Kenneth Trujillo Wassim Hawat Eddie Arya Drama History
Kwang Il Han, Theo James,Lara Pulver,Graham McTavish,Animation Action Fantasy,the witcher: nightmare of the wolf, Theo James Lara Pulver Graham McTavish Kwang Il Han Animation Action Fantasy
Angel Kristi Williams, Kofi Siriboe,Yootha Wong-Loi-Sing,Blair Underwood,Romance Drama,really love, Kofi Siriboe Yootha Wong-Loi-Sing Blair Underwood Angel Kristi Williams Romance Drama
Nia DaCosta, Yahya Abdul-Mateen II,Teyonah Parris,Nathan Stewart-Jarrett,Horror Thriller,candyman, Yahya Abdul-Mateen II Teyonah Parris Nathan Stewart-Jarrett Nia DaCosta Horror Thriller
Clay Tarver, John Cena,Lil Rel Howery,Yvonne Orji,Comedy,vacation friends, John Cena Lil Rel Howery Yvonne Orji Clay Tarver Comedy
Mark Waters, Addison Rae,Tanner Buchanan,Madison Pettis,Comedy Romance,he's all that, Addison Rae Tanner Buchanan Madison Pettis Mark Waters Comedy Romance
Amber Sealey, Elijah Wood,Luke Kirby,Aleksa Palladino,Crime Drama History,no man of god, Elijah Wood Luke Kirby Aleksa Palladino Amber Sealey Crime Drama History
Vibeke Muasya,Vibeke Muasya (director); Siobhan Fallon Hogan (screenplay),Siobhan Fallon Hogan,Robert Patrick,Thriller Drama Horror Mystery,rushed,Vibeke Muasya (director); Siobhan Fallon Hogan (screenplay) Siobhan Fallon Hogan Robert Patrick Vibeke Muasya Thriller Drama Horror Mystery
Stephen Herek, Victoria Justice,Midori Francis,Timothy Renouf,Fantasy Comedy Drama,afterlife of the party, Victoria Justice Midori Francis Timothy Renouf Stephen Herek Fantasy Comedy Drama
Destin Daniel Cretton, Simu Liu,Awkwafina,Meng'er Zhang,Action Adventure Fantasy,shang-chi and the legend of the ten rings, Simu Liu Awkwafina Meng'er Zhang Destin Daniel Cretton Action Adventure Fantasy
,Kay Cannon (director/screenwriter); Camila Cabello,Idina Menzel,Nicholas Galitzine,Fantasy Romance Comedy,cinderella,
Sara Colangelo, Michael Keaton,Stanley Tucci,Amy Ryan,Drama History,worth, Michael Keaton Stanley Tucci Amy Ryan Sara Colangelo Drama History
Michele Civetta, Shea Whigham,Olivia Munn,Frank Grillo,Science Fiction,the gateway, Shea Whigham Olivia Munn Frank Grillo Michele Civetta Science Fiction
"Lyle Mitcell Corbine, Jr.", Michael Greyeyes,Chaske Spencer,Jesse Eisenberg,Crime Drama Thriller,wild indian," Michael Greyeyes Chaske Spencer Jesse Eisenberg Lyle Mitcell Corbine, Jr. Crime Drama Thriller"
Sean King O'Grady,Sean King O'Grady (director); Max Booth III (screenwriter); Sierra McCormick,Vinessa Shaw,Pat Healy,Horror Thriller,we need to do something,Sean King O'Grady (director); Max Booth III (screenwriter); Sierra McCormick Vinessa Shaw Pat Healy Sean King O'Grady Horror Thriller
Cedric Nicolas-Troyan, Mary Elizabeth Winstead,Miku Martineau,Woody Harrelson,Action Thriller,kate, Mary Elizabeth Winstead Miku Martineau Woody Harrelson Cedric Nicolas-Troyan Action Thriller
Jonathan Butterell, Max Harwood,Sarah Lancashire,Lauren Patel,Music Drama Comedy,everybody's talking about jamie, Max Harwood Sarah Lancashire Lauren Patel Jonathan Butterell Music Drama Comedy
James Wan, Annabelle Wallis,Maddie Hasson,George Young,Horror Mystery Thriller,malignant, Annabelle Wallis Maddie Hasson George Young James Wan Horror Mystery Thriller
, Kristen Bell,Kirby Howell-Baptiste,Paul Walter Hauser,Comedy Crime,queenpins,
Paul Schrader, Oscar Isaac,Tiffany Haddish,Tye Sheridan,Drama Thriller Crime,the card counter, Oscar Isaac Tiffany Haddish Tye Sheridan Paul Schrader Drama Thriller Crime
Christopher Ashley, Petrina Bromley,Jenn Colella,De'Lon Grant,Comedy Drama,come from away, Petrina Bromley Jenn Colella De'Lon Grant Christopher Ashley Comedy Drama
Michael Mohan, Sydney Sweeney,Justice Smith,Ben Hardy,Thriller,the voyeurs, Sydney Sweeney Justice Smith Ben Hardy Michael Mohan Thriller
John Pollono, Jon Bernthal,Shea Whigham,Jordana Spiro,Drama Thriller,small engine repair, Jon Bernthal Shea Whigham Jordana Spiro John Pollono Drama Thriller
Natalie Morales,Natalie Morales (director/screenplay),Mark Duplass (screenplay),Natalie Morales,Drama Comedy,language lessons,Natalie Morales (director/screenplay) Mark Duplass (screenplay) Natalie Morales Natalie Morales Drama Comedy
Rick Altizer,Rick Altizer (director); Sherman Smith,Tony Evans,Steven Kendrick,Documentary,show me the father,Rick Altizer (director); Sherman Smith Tony Evans Steven Kendrick Rick Altizer Documentary
Michael Feifer, Jay Pickett,Peter Facinelli,Tom Skerritt,Western Action,catch the bullet, Jay Pickett Peter Facinelli Tom Skerritt Michael Feifer Western Action
Jonah Feingold, Francesca Reale,Jaboukie Young-White,Catherine Cohen,Comedy Romance,dating and new york, Francesca Reale Jaboukie Young-White Catherine Cohen Jonah Feingold Comedy Romance
"Scott B. Hansen, Desiree Connell", Zach Galligan,Derek Russo,Corey Taylor,Horror,bad candy," Zach Galligan Derek Russo Corey Taylor Scott B. Hansen, Desiree Connell Horror"
Kevin T. Morales, Bridget McGarry,Victoria Leigh,Okieriete Onaodowan,Comedy Drama,generation wrecks, Bridget McGarry Victoria Leigh Okieriete Onaodowan Kevin T. Morales Comedy Drama
Christian Carion, James McAvoy,Claire Foy,Gary Lewis,Crime Drama Mystery,my son, James McAvoy Claire Foy Gary Lewis Christian Carion Crime Drama Mystery
David Yarovesky, Winslow Fegley,Lidya Jewett,Krysten Ritter,Fantasy Family Horror,nightbooks, Winslow Fegley Lidya Jewett Krysten Ritter David Yarovesky Fantasy Family Horror
Theodore Melfi,Theodore Melfi (director); Matt Harris (screenpaly); Melissa McCarthy,Chris O'Dowd,Timothy Olyphant,Comedy Drama,the starling,Theodore Melfi (director); Matt Harris (screenpaly); Melissa McCarthy Chris O'Dowd Timothy Olyphant Theodore Melfi Comedy Drama
Michael Showalter, Jessica Chastain,Andrew Garfield,Cherry Jones,Drama History,the eyes of tammy faye, Jessica Chastain Andrew Garfield Cherry Jones Michael Showalter Drama History
Clint Eastwood, Clint Eastwood,Dwight Yoakam,Eduardo Minett,Western Drama,cry macho, Clint Eastwood Dwight Yoakam Eduardo Minett Clint Eastwood Western Drama
Joe Carnahan, Gerard Butler,Frank Grillo,Alexis Louder,Action Thriller Crime,copshop, Gerard Butler Frank Grillo Alexis Louder Joe Carnahan Action Thriller Crime
Justin Chon, Justin Chon,Alicia Vikander,Mark O'Brien,Drama,blue bayou, Justin Chon Alicia Vikander Mark O'Brien Justin Chon Drama
Sion Sono, Nicolas Cage,Sofia Boutella,Bill Moseley,Action Horror Science Fiction Thriller,prisoners of the ghostland, Nicolas Cage Sofia Boutella Bill Moseley Sion Sono Action Horror Science Fiction Thriller
Lina Roessler, Michael Caine,Aubrey Plaza,Scott Speedman,Drama Comedy,best sellers, Michael Caine Aubrey Plaza Scott Speedman Lina Roessler Drama Comedy
, Melanie Lynskey,Judy Greer,Justin Long,Comedy Fantasy,lady of the manor,
Bill Benz, Annie Clark,Carrie Brownstein,Dakota Johnson,Comedy Drama Horror,the nowhere inn, Annie Clark Carrie Brownstein Dakota Johnson Bill Benz Comedy Drama Horror
"Betsy West, Julie Cohen",Betsy West,Julie Cohen (director); Talleah Bridges McMahon,Julie Cohen,Documentary,my name is pauli murray,"Betsy West Julie Cohen (director); Talleah Bridges McMahon Julie Cohen Betsy West, Julie Cohen Documentary"
David Midell, Frankie Faison,Steve O'Connell,Enrico Natale,Drama,the killing of kenneth chamberlain, Frankie Faison Steve O'Connell Enrico Natale David Midell Drama
Adam Salky, Freida Pinto,Logan Marshall-Green,Robert John Burke,Thriller,intrusion, Freida Pinto Logan Marshall-Green Robert John Burke Adam Salky Thriller
Stephen Chbosky, Ben Platt,Kaitlyn Dever,Amandla Stenberg,Drama,dear evan hansen, Ben Platt Kaitlyn Dever Amandla Stenberg Stephen Chbosky Drama
"Robert Cullen, Jose Ucha", Vanessa Hudgens,Kimiko Glenn,James Marsden,Animation Family Fantasy Comedy Music Adventure,my little pony: a new generation," Vanessa Hudgens Kimiko Glenn James Marsden Robert Cullen, Jose Ucha Animation Family Fantasy Comedy Music Adventure"
Antoine Fuqua, Jake Gyllenhaal,Ethan Hawke,Riley Keough,Crime Drama Thriller,the guilty, Jake Gyllenhaal Ethan Hawke Riley Keough Antoine Fuqua Crime Drama Thriller
Sarah Adina Smith, Kristine Froseth,Diana Silvers,Jacqueline Bisset,Drama,birds of paradise, Kristine Froseth Diana Silvers Jacqueline Bisset Sarah Adina Smith Drama
Castille Landon, Josephine Langford,Hero Fiennes Tiffin,Louise Lombard,Romance Drama,after we fell, Josephine Langford Hero Fiennes Tiffin Louise Lombard Castille Landon Romance Drama
Andy Serkis, Tom Hardy,Michelle Williams,Naomie Harris,Science Fiction Action,venom: let there be carnage, Tom Hardy Michelle Williams Naomie Harris Andy Serkis Science Fiction Action
Alan Taylor, Alessandro Nivola,Michael Gandolfini,Leslie Odom Jr.,Crime Drama,the many saints of newark, Alessandro Nivola Michael Gandolfini Leslie Odom Jr. Alan Taylor Crime Drama
"Conrad Vernon, Greg Tiernan", Oscar Isaac,Charlize Theron,Chloë Grace Moretz,Animation Comedy Family,the addams family 2," Oscar Isaac Charlize Theron Chloë Grace Moretz Conrad Vernon, Greg Tiernan Animation Comedy Family"
Gigi Saul Guerrero, L. Scott Caldwell,Adriana Barraza,Joshua Caleb Johnson,Thriller,bingo hell, L. Scott Caldwell Adriana Barraza Joshua Caleb Johnson Gigi Saul Guerrero Thriller
Maritte Lee Go, Ashja Cooper,Theodus Crane,Kenneisha Thompson,Horror Thriller,black as night, Ashja Cooper Theodus Crane Kenneisha Thompson Maritte Lee Go Horror Thriller
Potsy Ponciroli, Tim Blake Nelson,Scott Haze,Gavin Lewis,Western Thriller,old henry, Tim Blake Nelson Scott Haze Gavin Lewis Potsy Ponciroli Western Thriller
Erwin brothers, Amy Grant,Michael W. Smith,TobyMac,Documentary Music,the jesus music, Amy Grant Michael W. Smith TobyMac Erwin brothers Documentary Music
Karen Cinorre, Grace Van Patten,Mia Goth,Havana Rose Liu,Fantasy Drama Action,mayday, Grace Van Patten Mia Goth Havana Rose Liu Karen Cinorre Fantasy Drama Action
Vance Null, David A. R. White,Antonio Sabàto Jr.,Francesca Battistelli,Drama,god's not dead: we the people, David A. R. White Antonio Sabàto Jr. Francesca Battistelli Vance Null Drama
Patrick Brice, Sydney Park,Theodore Pellerin,Asjha Cooper,Horror Thriller Mystery,there's someone inside your house, Sydney Park Theodore Pellerin Asjha Cooper Patrick Brice Horror Thriller Mystery
Cary Joji Fukunaga, Daniel Craig,Rami Malek,Léa Seydoux,Adventure Action Thriller,no time to die, Daniel Craig Rami Malek Léa Seydoux Cary Joji Fukunaga Adventure Action Thriller
Fran Kranz, Reed Birney,Ann Dowd,Jason Isaacs,Drama Crime History,mass, Reed Birney Ann Dowd Jason Isaacs Fran Kranz Drama Crime History
Aharon Keshales, Jason Sudeikis,Evangeline Lilly,Shea Whigham,Crime Thriller Drama,south of heaven, Jason Sudeikis Evangeline Lilly Shea Whigham Aharon Keshales Crime Thriller Drama
,Axelle Carolyn (director/screenwriter); Barbara Hershey,Bruce Davison,Stacey Travis,Comedy Fantasy,the manor,
Ryan Zaragoza, Elpidia Carrillo,Tenoch Huerta,unknown,Horror,madres, Elpidia Carrillo Tenoch Huerta unknown Ryan Zaragoza Horror
Michael D. Ratner,Michael D. Ratner (director); Justin Bieber,Hailey Bieber,unknown,Music Documentary,justin bieber: our world,Michael D. Ratner (director); Justin Bieber Hailey Bieber unknown Michael D. Ratner Music Documentary
David Gordon Green, Jamie Lee Curtis,Judy Greer,Andi Matichak,Horror Thriller,halloween kills, Jamie Lee Curtis Judy Greer Andi Matichak David Gordon Green Horror Thriller
Ridley Scott, Matt Damon,Adam Driver,Jodie Comer,Drama History War Thriller,the last duel, Matt Damon Adam Driver Jodie Comer Ridley Scott Drama History War Thriller
,John Ridley (director/sceenplay); Leslie Odom Jr.,Freida Pinto,Cynthia Erivo,Science Fiction Romance,needle in a timestack,
Justin Corsbie, Michael Dorman,Sophia Bush,Dermot Mulroney,Drama Thriller Music Romance,hard luck love song, Michael Dorman Sophia Bush Dermot Mulroney Justin Corsbie Drama Thriller Music Romance
Rachel Fleit,Rachel Fleit (director); Selma Blair,unknown,unknown,Documentary,"introducing, selma blair",Rachel Fleit (director); Selma Blair unknown unknown Rachel Fleit Documentary
Todd Haynes,Todd Haynes (director); The Velvet Underground,unknown,unknown,Documentary Music,the velvet underground,Todd Haynes (director); The Velvet Underground unknown unknown Todd Haynes Documentary Music
Adam Randall, Jorge Lendeborg Jr.,Debby Ryan,Lucy Fry,Horror Thriller Action,night teeth, Jorge Lendeborg Jr. Debby Ryan Lucy Fry Adam Randall Horror Thriller Action
Denis Villeneuve, Timothee Chalamet,Rebecca Ferguson,Oscar Isaac,Action Adventure Science Fiction,dune, Timothee Chalamet Rebecca Ferguson Oscar Isaac Denis Villeneuve Action Adventure Science Fiction
"Sarah Smith, Jean-Philippe Vine", Zach Galifianakis,Jack Dylan Grazer,Ed Helms,Animation Science Fiction Family Comedy,ron's gone wrong," Zach Galifianakis Jack Dylan Grazer Ed Helms Sarah Smith, Jean-Philippe Vine Animation Science Fiction Family Comedy"
Wes Anderson, Benicio del Toro,Adrien Brody,Tilda Swinton,Comedy Drama Romance,the french dispatch, Benicio del Toro Adrien Brody Tilda Swinton Wes Anderson Comedy Drama Romance
Jeymes Samuel, Jonathan Majors,Idris Elba,Zazie Beetz,Western,the harder they fall, Jonathan Majors Idris Elba Zazie Beetz Jeymes Samuel Western
Will Sharpe, Benedict Cumberbatch,Claire Foy,Andrea Riseborough,Drama History,the electrical life of louis wain, Benedict Cumberbatch Claire Foy Andrea Riseborough Will Sharpe Drama History
Agata Alexander, Alex Pettyfer,Alice Eve,Annabelle Wallis,Science Fiction Thriller Drama,warning, Alex Pettyfer Alice Eve Annabelle Wallis Agata Alexander Science Fiction Thriller Drama
Rebecca Hall, Tessa Thompson,Ruth Negga,André Holland,Drama,passing, Tessa Thompson Ruth Negga André Holland Rebecca Hall Drama
"Matt Angel, Suzanne Coote",Matt Angel,Suzanne Coote (director); Richard D'Ovidio (screnplay); Kate Siegel,Jason O'Mara,Thriller Drama Horror,hypnotic,"Matt Angel Suzanne Coote (director); Richard D'Ovidio (screnplay); Kate Siegel Jason O'Mara Matt Angel, Suzanne Coote Thriller Drama Horror"
Edgar Wright, Thomasin Mackenzie,Anya Taylor-Joy,Matt Smith,Drama Horror Mystery Thriller,last night in soho, Thomasin Mackenzie Anya Taylor-Joy Matt Smith Edgar Wright Drama Horror Mystery Thriller
Scott Cooper, Keri Russell,Jesse Plemons,Jeremy T. Thomas,Drama Horror Mystery,antlers, Keri Russell Jesse Plemons Jeremy T. Thomas Scott Cooper Drama Horror Mystery
Matthias Schweighöfer, Matthias Schweighöfer,Nathalie Emmanuel,Guz Khan,Action Thriller Comedy,army of thieves, Matthias Schweighöfer Nathalie Emmanuel Guz Khan Matthias Schweighöfer Action Thriller Comedy
Amy Koppelman, Amanda Seyfried,Finn Wittrock,Jennifer Carpenter,Drama,a mouthful of air, Amanda Seyfried Finn Wittrock Jennifer Carpenter Amy Koppelman Drama
Joanna Hogg, Honor Swinton Byrne,Jaygann Ayeh,Richard Ayoade,Drama,the souvenir part ii, Honor Swinton Byrne Jaygann Ayeh Richard Ayoade Joanna Hogg Drama
William Eubank, Emily Bader,Roland Buck III,Dan Lippert,Horror Mystery Thriller,paranormal activity: next of kin, Emily Bader Roland Buck III Dan Lippert William Eubank Horror Mystery Thriller
"Philip Gelatt, Morgan Galen King", Richard E. Grant,Lucy Lawless,Patton Oswalt,Animation Fantasy Horror,the spine of night," Richard E. Grant Lucy Lawless Patton Oswalt Philip Gelatt, Morgan Galen King Animation Fantasy Horror"
Justine Bateman, Olivia Munn,Luke Bracey,Justin Theroux,Thriller Crime Drama Action Comedy,violet, Olivia Munn Luke Bracey Justin Theroux Justine Bateman Thriller Crime Drama Action Comedy
Michael Mailer, Michael Shannon,Alexander Ludwig,Charles Melton,History Drama,heart of champions, Michael Shannon Alexander Ludwig Charles Melton Michael Mailer History Drama
Chloé Zhao, Gemma Chan,Richard Madden,Kumail Nanjiani,Action Adventure Science Fiction,eternals, Gemma Chan Richard Madden Kumail Nanjiani Chloé Zhao Action Adventure Science Fiction
Miguel Sapochnik, Tom Hanks,Caleb Landry Jones,Laura Harrier,Science Fiction Drama Adventure,finch, Tom Hanks Caleb Landry Jones Laura Harrier Miguel Sapochnik Science Fiction Drama Adventure
Rawson Marshall Thurber, Dwayne Johnson,Ryan Reynolds,Gal Gadot,Action Comedy Crime Thriller,red notice, Dwayne Johnson Ryan Reynolds Gal Gadot Rawson Marshall Thurber Action Comedy Crime Thriller
Pablo Larraín, Kristen Stewart,Timothy Spall,Jack Farthing,Drama History,spencer, Kristen Stewart Timothy Spall Jack Farthing Pablo Larraín Drama History
David Hackl, Mel Gibson,Scott Eastwood,Tyrese Gibson,Action Thriller,dangerous, Mel Gibson Scott Eastwood Tyrese Gibson David Hackl Action Thriller
Hernán Jiménez, Nina Dobrev,Jimmy O. Yang,Darren Barnet,Comedy Romance,love hard, Nina Dobrev Jimmy O. Yang Darren Barnet Hernán Jiménez Comedy Romance
, Jim Cummings,Virginia Newcomb,PJ McCabe,Comedy Mystery Thriller,the beta test,
Walt Becker, Jack Whitehall,Darby Camp,Tony Hale,Family Animation Comedy,clifford the big red dog, Jack Whitehall Darby Camp Tony Hale Walt Becker Family Animation Comedy
Lin-Manuel Miranda,Lin-Manuel Miranda (director); Steven Levenson (sceenplay); Andrew Garfield,Alexandra Shipp,Robin de Jesús,Music Drama,"tick, tick... boom!",Lin-Manuel Miranda (director); Steven Levenson (sceenplay); Andrew Garfield Alexandra Shipp Robin de Jesús Lin-Manuel Miranda Music Drama
Dan Mazer, Ellie Kemper,Rob Delaney,Archie Yates,Comedy Family,home sweet home alone, Ellie Kemper Rob Delaney Archie Yates Dan Mazer Comedy Family
Edward John Drake, Neal McDonough,Bruce Willis,unknown,Action Thriller Science Fiction,apex, Neal McDonough Bruce Willis unknown Edward John Drake Action Thriller Science Fiction
Jane Campion, Benedict Cumberbatch,Kirsten Dunst,Jesse Plemons,Western Drama Romance,the power of the dog, Benedict Cumberbatch Kirsten Dunst Jesse Plemons Jane Campion Western Drama Romance
Michael Rohl, Vanessa Hudgens,Sam Palladio,Nick Sagar,Romance Comedy,the princess switch 3: romancing the star, Vanessa Hudgens Sam Palladio Nick Sagar Michael Rohl Romance Comedy
Jason Reitman, Carrie Coon,Finn Wolfhard,Mckenna Grace,Comedy Fantasy,ghostbusters: afterlife, Carrie Coon Finn Wolfhard Mckenna Grace Jason Reitman Comedy Fantasy
Reinaldo Marcus Green, Will Smith,Aunjanue Ellis,Saniyya Sidney,Drama,king richard, Will Smith Aunjanue Ellis Saniyya Sidney Reinaldo Marcus Green Drama
Mike Mills, Joaquin Phoenix,Gaby Hoffmann,Woody Norman,Drama,c'mon c'mon, Joaquin Phoenix Gaby Hoffmann Woody Norman Mike Mills Drama
Casey Tebo, Devon Sawa,Ivana Baquero,Ryan Lee,Horror Comedy,black friday, Devon Sawa Ivana Baquero Ryan Lee Casey Tebo Horror Comedy
Abel Ferrara, Ethan Hawke,Valerio Mastandrea,unknown,Thriller War Science Fiction,zeros and ones, Ethan Hawke Valerio Mastandrea unknown Abel Ferrara Thriller War Science Fiction
"Byron Howard, Jared Bush, Chasire Castro Smith", Stephanie Beatriz,John Leguizamo,María Cecilia Botero,Family Music Adventure Animation Fantasy,encanto," Stephanie Beatriz John Leguizamo María Cecilia Botero Byron Howard, Jared Bush, Chasire Castro Smith Family Music Adventure Animation Fantasy"
Ridley Scott, Lady Gaga,Adam Driver,Jared Leto,Crime Drama Thriller,house of gucci, Lady Gaga Adam Driver Jared Leto Ridley Scott Crime Drama Thriller
Nora Fingscheidt, Sandra Bullock,Vincent D'Onofrio,Jon Bernthal,Drama,the unforgivable, Sandra Bullock Vincent D'Onofrio Jon Bernthal Nora Fingscheidt Drama
Ric Roman Waugh, Stephan James,J. K. Simmons,Uzo Aduba,Drama,national champions, Stephan James J. K. Simmons Uzo Aduba Ric Roman Waugh Drama
Johannes Roberts, Kaya Scodelario,Hannah John-Kamen,Robbie Amell,Horror Action Mystery,resident evil: welcome to raccoon city, Kaya Scodelario Hannah John-Kamen Robbie Amell Johannes Roberts Horror Action Mystery
Halle Berry, Halle Berry,Shamier Anderson,Adan Canto,Drama,bruised, Halle Berry Shamier Anderson Adan Canto Halle Berry Drama
Stephen Karam, Richard Jenkins,Jayne Houdyshell,Amy Schumer,Drama,the humans, Richard Jenkins Jayne Houdyshell Amy Schumer Stephen Karam Drama
Michael Dowse, Neil Patrick Harris,Winslow Fegley,June Diane Raphael,Family Comedy,8-bit christmas, Neil Patrick Harris Winslow Fegley June Diane Raphael Michael Dowse Family Comedy
Paul Thomas Anderson, Alana Haim,Cooper Hoffman,Sean Penn,Drama,licorice pizza, Alana Haim Cooper Hoffman Sean Penn Paul Thomas Anderson Drama
Swinton O. Scott III, Brady Noon,Ethan William Childress,Chris Diamantopoulos,Comedy Family,diary of a wimpy kid, Brady Noon Ethan William Childress Chris Diamantopoulos Swinton O. Scott III Comedy Family
Michael Pierce, Riz Ahmed,Octavia Spencer,Janina Gavankar,Drama Romance,encounter, Riz Ahmed Octavia Spencer Janina Gavankar Michael Pierce Drama Romance
Sean Baker, Simon Rex,Bree Elrod,Suzanna Son,Comedy Drama,red rocket, Simon Rex Bree Elrod Suzanna Son Sean Baker Comedy Drama
Jonas Poher Rasmussen, Amin (screenplay),unknown,unknown,Animation Science Fiction,flee, Amin (screenplay) unknown unknown Jonas Poher Rasmussen Animation Science Fiction
Steven Spielberg, Ansel Elgort,Rachel Zegler,Ariana DeBose,Drama Romance Crime,west side story, Ansel Elgort Rachel Zegler Ariana DeBose Steven Spielberg Drama Romance Crime
Adam McKay, Leonardo DiCaprio,Jennifer Lawrence,Rob Morgan,Comedy Drama Science Fiction,don't look up, Leonardo DiCaprio Jennifer Lawrence Rob Morgan Adam McKay Comedy Drama Science Fiction
Aaron Sorkin, Nicole Kidman,Javier Bardem,J. K. Simmons,Drama History,being the ricardos, Nicole Kidman Javier Bardem J. K. Simmons Aaron Sorkin Drama History
"Clare Knight, Harry Cripps", Isla Fisher,Tim Minchin,Eric Bana,Adventure Animation Comedy Family Music,back to the outback," Isla Fisher Tim Minchin Eric Bana Clare Knight, Harry Cripps Adventure Animation Comedy Family Music"
Tarik Saleh, Chris Pine,Ben Foster,Gillian Jacobs,Action Thriller,violence of action, Chris Pine Ben Foster Gillian Jacobs Tarik Saleh Action Thriller
Jon Watts, Tom Holland,Zendaya,Benedict Cumberbatch,Science Fiction Action Adventure Fantasy,spider-man: no way home, Tom Holland Zendaya Benedict Cumberbatch Jon Watts Science Fiction Action Adventure Fantasy
Guillermo del Toro, Bradley Cooper,Cate Blanchett,Toni Collette,Mystery Crime Drama,nightmare alley, Bradley Cooper Cate Blanchett Toni Collette Guillermo del Toro Mystery Crime Drama
Maggie Gyllenhaal, Olivia Colman,Dakota Johnson,Jessie Buckley,Drama,the lost daughter, Olivia Colman Dakota Johnson Jessie Buckley Maggie Gyllenhaal Drama
Benjamin Cleary, Mahershala Ali,Naomie Harris,Glenn Close,Drama Science Fiction,swan song, Mahershala Ali Naomie Harris Glenn Close Benjamin Cleary Drama Science Fiction
George Clooney, Ben Affleck,Tye Sheridan,Lily Rabe,Drama,the tender bar, Ben Affleck Tye Sheridan Lily Rabe George Clooney Drama
Lana Wachowski, Keanu Reeves,Carrie-Anne Moss,Yahya Abdul-Mateen II,Action Adventure Science Fiction,the matrix resurrections, Keanu Reeves Carrie-Anne Moss Yahya Abdul-Mateen II Lana Wachowski Action Adventure Science Fiction
Garth Jennings, Matthew McConaughey,Reese Witherspoon,Scarlett Johansson,Family Comedy Animation Drama Music,sing 2, Matthew McConaughey Reese Witherspoon Scarlett Johansson Garth Jennings Family Comedy Animation Drama Music
Matthew Vaughn, Ralph Fiennes,Gemma Arterton,Rhys Ifans,War Action Thriller Adventure,the king's man, Ralph Fiennes Gemma Arterton Rhys Ifans Matthew Vaughn War Action Thriller Adventure
Joel Coen, Denzel Washington,Frances McDormand,Corey Hawkins,Drama War,the tragedy of macbeth, Denzel Washington Frances McDormand Corey Hawkins Joel Coen Drama War
Denzel Washington, Michael B. Jordan,Chanté Adams,unknown,Drama Comedy,a journal for jordan, Michael B. Jordan Chanté Adams unknown Denzel Washington Drama Comedy
Erwin brothers, Zachary Levi,Anna Paquin,Dennis Quaid,Drama,american underdog: the kurt warner story, Zachary Levi Anna Paquin Dennis Quaid Erwin brothers Drama
Joe Wright, Peter Dinklage,Haley Bennett,Kelvin Harrison Jr.,Music Drama Romance,cyrano, Peter Dinklage Haley Bennett Kelvin Harrison Jr. Joe Wright Music Drama Romance
